You do not have valid license to use an API Key. Please verify your account details.,Station Name,Station ID,Station Latitude,Station Longitude
You do not have valid license to use an API Key. Please verify your account details.,You do not have valid license to use an API Key. Please verify your account details.
You do not have valid license to use an API Key. Please verify your account details.,You do not have valid license to use an API Key. Please verify your account details.
You do not have valid license to use an API Key. Please verify your account details.,You do not have valid license to use an API Key. Please verify your account details.
You do not have valid license to use an API Key. Please verify your account details.,You do not have valid license to use an API Key. Please verify your account details.
You do not have valid license to use an API Key. Please verify your account details.,You do not have valid license to use an API Key. Please verify your account details.
You do not have valid license to use an API Key. Please verify your account details.,You do not have valid license to use an API Key. Please verify your account details.
You do not have valid license to use an API Key. Please verify your account details.,You do not have valid license to use an API Key. Please verify your account details.
You do not have valid license to use an API Key. Please verify your account details.,You do not have valid license to use an API Key. Please verify your account details.
You do not have valid license to use an API Key. Please verify your account details.,You do not have valid license to use an API Key. Please verify your account details.
You do not have valid license to use an API Key. Please verify your account details.,You do not have valid license to use an API Key. Please verify your account details.
You do not have valid license to use an API Key. Please verify your account details.,You do not have valid license to use an API Key. Please verify your account details.
You do not have valid license to use an API Key. Please verify your account details.,You do not have valid license to use an API Key. Please verify your account details.
You do not have valid license to use an API Key. Please verify your account details.,You do not have valid license to use an API Key. Please verify your account details.
You do not have valid license to use an API Key. Please verify your account details.,You do not have valid license to use an API Key. Please verify your account details.
You do not have valid license to use an API Key. Please verify your account details.,You do not have valid license to use an API Key. Please verify your account details.
You do not have valid license to use an API Key. Please verify your account details.,You do not have valid license to use an API Key. Please verify your account details.
You do not have valid license to use an API Key. Please verify your account details.,You do not have valid license to use an API Key. Please verify your account details.
You do not have valid license to use an API Key. Please verify your account details.,You do not have valid license to use an API Key. Please verify your account details.
You do not have valid license to use an API Key. Please verify your account details.,You do not have valid license to use an API Key. Please verify your account details.
You do not have valid license to use an API Key. Please verify your account details.,You do not have valid license to use an API Key. Please verify your account details.
You do not have valid license to use an API Key. Please verify your account details.,You do not have valid license to use an API Key. Please verify your account details.
You do not have valid license to use an API Key. Please verify your account details.,You do not have valid license to use an API Key. Please verify your account details.
You do not have valid license to use an API Key. Please verify your account details.,You do not have valid license to use an API Key. Please verify your account details.
